{
  "interstitial": [
    {
      "name": "guest-disconnect-interstitial-trial",
      "settings": {
        "env": [
          "dev", "production"
        ],
        "subscription": [
          "guest"
        ],
        "active": false,
        "startDate": "2020-02-20",
        "endDate": "2022-12-31",
        "hasBackArrow": true,
        "hasHeader": true,
        "triggerType": "disconnect",
        "triggerCampaignCount": 4,
        "dailyCap": 2,
        "styles": {
          "contentPadding": "5px 0px 20px 0px",
          "ctaMarginTop": "20px"
        }
      },
      "campaign": "guest-trial",
      "conversionPoint": "extension",
      "layout": "transparent",
      "content": {
        "en": {
          "html": "<h1 class='campaign-heading-l'><b>Start your FREE ZenMate VPN trial</b><br><small>and discover:</small></h1><ul class='mt-3 features-list'>  <li><span class=' mr-2'>✓</span>Servers in 74+ countries.</li>  <li class=' mt-1'><span class=' mr-2'>✓</span>Special streaming servers (Netflix, Disney +, BBC iPlayer, Amazon Prime, and more).</li>  <li class=' mt-1'><span class=' mr-2'>✓</span>Smart locations, Whitelist feature, Stealth connection.</li>  <li class=' mt-1'><span class=' mr-2'>✓</span>Apps for all devices (Windows, macOS, iOS, Android).</li>  </ul>",
          "url": "https://account.zenmate.com/en_US/signup?utm_source=guest-disconnect-interstitial-trial&utm_medium=extension",
          "cta": "Create your account",
          "subCta": "Start the 7 days free trial"
        },
        "fr": {
          "html": "<h1 class='campaign-heading-m'><b>Lancez votre essai gratuit ZenMate VPN</b><br><small>et découvrez :</small></h1><ul class='mt-3 features-list'>  <li><span class=' mr-2'>✓</span>Des serveurs dans plus de 74 pays.</li>  <li class=' mt-1'><span class=' mr-2'>✓</span>Des serveurs de Streaming dédiés (Netflix, Disney +, BBC iPlayer, Amazon Prime et plus).</li>  <li class=' mt-1'><span class=' mr-2'>✓</span>Des emplacements intelligents, des fonctionnalités Whitelist, Connexion Stealth.</li>  <li class=' mt-1'><span class=' mr-2'>✓</span>Des apps sur chaque appareil (Windows, macOS, iOS, Android).</li>  </ul>",
          "url": "https://account.zenmate.com/fr_FR/signup?utm_source=guest-disconnect-interstitial-trial&utm_medium=extension",
          "cta": "Créez votre compte",
          "subCta": "Testez-le 7 jours gratuitement"
        },
        "de": {
          "html": "<h1 class='campaign-heading-m'><b>Beginne deinen KOSTENLOSEN Testzeitraum für ZenMate VPN</b><br><small>Und entdecke:</small></h1><ul class='mt-3 features-list'>  <li><span class=' mr-2'>✓</span>Server in über 74 Ländern.</li>  <li class=' mt-1'><span class=' mr-2'>✓</span>Spezielle Streaming-Server (Netflix, Disney +, BBC iPlayer, Amazon Prime und weitere).</li>  <li class=' mt-1'><span class=' mr-2'>✓</span>Intelligente Standorte, Whitelist-Funktion, Stealth-Verbindung.</li>  <li class=' mt-1'><span class=' mr-2'>✓</span>Apps für alle Geräte (Windows, macOS, iOS, Android).</li>  </ul>",
          "url": "https://account.zenmate.com/de_DE/signup?utm_source=guest-disconnect-interstitial-trial&utm_medium=extension",
          "cta": "Leg dein Nutzerkonto an",
          "subCta": "Beginne mit dem 7-tägigen Testzeitraum"
        },
        "nl": {
          "html": "<h1 class='campaign-heading-m'><b>Start uw GRATIS ZenMate VPN-proefversie</b><br><small>En ontdek:</small></h1><ul class='mt-3 features-list'>  <li><span class=' mr-2'>✓</span>Servers in meer dan 74 landen.</li>  <li class=' mt-1'><span class=' mr-2'>✓</span>Speciale streamingservers (Netflix, Disney +, BBC iPlayer, Amazon Prime en meer).</li>  <li class=' mt-1'><span class=' mr-2'>✓</span>Slimme locaties, Witte lijst, Verborgen verbinding.</li>  <li class=' mt-1'><span class=' mr-2'>✓</span>Apps voor alle apparaten (Windows, macOS, iOS, Android).</li>  </ul>",
          "url": "https://account.zenmate.com/en_US/signup?utm_source=guest-disconnect-interstitial-trial&utm_medium=extension",
          "cta": "Maak uw account aan",
          "subCta": "Begin uw gratis test voor 7 dagen"
        },
        "ko": {
          "html": "<h1 class='campaign-heading-m'><b>무료 ZenMate VPN 평가판 시작</b><br><small>기능 확인:</small></h1><ul class='mt-3 features-list'>  <li><span class=' mr-2'>✓</span>74개 이상의 국가에 있는 서버.</li>  <li class=' mt-1'><span class=' mr-2'>✓</span>특별 스트리밍 서버(Netflix, Disney +, BBC iPlayer, Amazon Prime 등).</li>  <li class=' mt-1'><span class=' mr-2'>✓</span>스마트 위치, 허용 목록 기능, 스텔스 연결.</li>  <li class=' mt-1'><span class=' mr-2'>✓</span>모든 장치를 위한 앱(Windows, macOS, iOS, Android).</li>  </ul>",
          "url": "https://account.zenmate.com/ko_KR/signup?utm_source=guest-disconnect-interstitial-trial&utm_medium=extension",
          "cta": "사용자 계정 만들기",
          "subCta": "7일 무료 평가판 시작"
        },
        "es": {
          "html": "<h1 class='campaign-heading-m'><b>Inicie su prueba GRATIS de ZenMate VPN</b><br><small>Y descubra:</small></h1><ul class='mt-3 features-list'>  <li><span class=' mr-2'>✓</span>Servidores en más de 74 países.</li>  <li class=' mt-1'><span class=' mr-2'>✓</span>Servidores especiales de streaming (Netflix, Disney +, BBC iPlayer, Amazon Prime y otros).</li>  <li class=' mt-1'><span class=' mr-2'>✓</span>Ubicaciones inteligentes, función de lista blanca, conexión sigilosa.</li>  <li class=' mt-1'><span class=' mr-2'>✓</span>Aplicaciones para todos los dispositivos (Windows, macOS, iOS, Android).</li>  </ul>",
          "url": "https://account.zenmate.com/es_ES/signup?utm_source=guest-disconnect-interstitial-trial&utm_medium=extension",
          "cta": "Crear su cuenta",
          "subCta": "Iniciar la prueba gratis de 7 días"
        },
        "tr": {
          "html": "<h1 class='campaign-heading-l'><b>ÜCRETSİZ ZenMate VPN denemeni başlat</b><br><small>ve keşfedin:</small></h1><ul class='mt-3 features-list'>  <li><span class=' mr-2'>✓</span>74+ ülkede sunucular.</li>  <li class=' mt-1'><span class=' mr-2'>✓</span>Özel çevrimiçi yürütme sunucuları (Netflix, Disney +, BBC iPlayer, Amazon Prime ve daha fazlası).</li>  <li class=' mt-1'><span class=' mr-2'>✓</span>Akıllı konumlar, Beyaz Liste özelliği, Görünmez bağlantı.</li>  <li class=' mt-1'><span class=' mr-2'>✓</span>Tüm cihazlar için uygulamalar (Windows, macOS, iOS, Android).</li>  </ul>",
          "url": "https://account.zenmate.com/tr_TR/signup?utm_source=guest-disconnect-interstitial-trial&utm_medium=extension",
          "cta": "Hesap oluştur",
          "subCta": "7 günlük ücretsiz denemeyi başlat"
        },
        "ru": {
          "html": "<h1 class='campaign-heading-s'><b>Начните БЕСПЛАТНЫЙ пробный период ZenMate VPN</b><br><small>И откройте для себя:</small></h1><ul class='mt-3 features-list'>  <li><span class=' mr-2'>✓</span>Серверы в 74+ странах.</li>  <li class=' mt-1'><span class=' mr-2'>✓</span>Специальные серверы для стриминга (Netflix, Disney +, BBC iPlayer, Amazon Prime и другие).</li>  <li class=' mt-1'><span class=' mr-2'>✓</span>Автоматический выбор местоположений, белый список, скрытое подключение.</li>  <li class=' mt-1'><span class=' mr-2'>✓</span>Приложения для всех устройств (Windows, macOS, iOS, Android).</li>  </ul>",
          "url": "https://account.zenmate.com/ru_RU/signup?utm_source=guest-disconnect-interstitial-trial&utm_medium=extension",
          "cta": "Создать новый аккаунт",
          "subCta": "Начать 7-дневный бесплатный пробный период"
        }
      }
    },
    {
      "name": "guest-visit-interstitial-trial",
      "settings": {
        "env": [
          "dev", "production"
        ],
        "subscription": [
          "guest"
        ],
        "active": false,
        "startDate": "2020-02-20",
        "endDate": "2022-12-31",
        "hasBackArrow": true,
        "hasHeader": true,
        "triggerType": "visit",
        "triggerCampaignCount": 1,
        "dailyCap": 1,
        "userCap": 1,
        "styles": {
          "contentPadding": "5px 0px 20px 0px",
          "ctaMarginTop": "20px"
        }
      },
      "campaign": "guest-trial",
      "conversionPoint": "extension",
      "layout": "transparent",
      "content": {
        "en": {
          "html": "<h1 class='campaign-heading-l'><b>Start your FREE ZenMate VPN trial</b><br><small>and discover: </small></h1><ul class='mt-3 features-list'>  <li><span class=' mr-2'>✓</span>Servers in 74+ countries.</li>  <li class=' mt-1'><span class=' mr-2'>✓</span>Special streaming servers (Netflix, Disney +, BBC iPlayer, Amazon Prime, and more).</li>  <li class=' mt-1'><span class=' mr-2'>✓</span>Smart locations, Whitelist feature, Stealth connection.</li>  <li class=' mt-1'><span class=' mr-2'>✓</span>Apps for all devices (Windows, macOS, iOS, Android).</li></ul>",
          "url": "https://account.zenmate.com/en_US/signup?utm_source=guest-visit-interstitial-trial&utm_medium=extension",
          "cta": "Create your account",
          "subCta": "Start the 7 days free trial"
        },
        "fr": {
          "html": "<h1 class='campaign-heading-m'><b>Lancez votre essai gratuit ZenMate VPN</b><br><small>et découvrez : </small></h1><ul class='mt-3 features-list'>  <li><span class=' mr-2'>✓</span>Des serveurs dans plus de 74 pays.</li>  <li class=' mt-1'><span class=' mr-2'>✓</span>Des serveurs de Streaming dédiés (Netflix, Disney +, BBC iPlayer, Amazon Prime et plus).</li>  <li class=' mt-1'><span class=' mr-2'>✓</span>Des emplacements intelligents, des fonctionnalités Whitelist, Connexion Stealth.</li>  <li class=' mt-1'><span class=' mr-2'>✓</span>Des apps sur chaque appareil (Windows, macOS, iOS, Android).</li>  </ul>",
          "url": "https://account.zenmate.com/fr_FR/signup?utm_source=guest-visit-interstitial-trial&utm_medium=extension",
          "cta": "Créez votre compte",
          "subCta": "Testez-le 7 jours gratuitement"
        },
        "de": {
          "html": "<h1 class='campaign-heading-m'><b>Beginne deinen KOSTENLOSEN Testzeitraum für ZenMate VPN</b><br><small>Und entdecke:</small></h1><ul class='mt-3 features-list'>  <li><span class=' mr-2'>✓</span>Server in über 74 Ländern.</li>  <li class=' mt-1'><span class=' mr-2'>✓</span>Spezielle Streaming-Server (Netflix, Disney +, BBC iPlayer, Amazon Prime und weitere).</li>  <li class=' mt-1'><span class=' mr-2'>✓</span>Intelligente Standorte, Whitelist-Funktion, Stealth-Verbindung.</li>  <li class=' mt-1'><span class=' mr-2'>✓</span>Apps für alle Geräte (Windows, macOS, iOS, Android).</li>  </ul>",
          "url": "https://account.zenmate.com/de_DE/signup?utm_source=guest-visit-interstitial-trial&utm_medium=extension",
          "cta": "Leg dein Nutzerkonto an",
          "subCta": "Beginne mit dem 7-tägigen Testzeitraum"
        },
        "nl": {
          "html": "<h1 class='campaign-heading-m'><b>Start uw GRATIS ZenMate VPN-proefversie</b><br><small>En ontdek:</small></h1><ul class='mt-3 features-list'>  <li><span class=' mr-2'>✓</span>Servers in meer dan 74 landen.</li>  <li class=' mt-1'><span class=' mr-2'>✓</span>Speciale streamingservers (Netflix, Disney +, BBC iPlayer, Amazon Prime en meer).</li>  <li class=' mt-1'><span class=' mr-2'>✓</span>Slimme locaties, Witte lijst, Verborgen verbinding.</li>  <li class=' mt-1'><span class=' mr-2'>✓</span>Apps voor alle apparaten (Windows, macOS, iOS, Android).</li>  </ul>",
          "url": "https://account.zenmate.com/en_US/signup?utm_source=guest-visit-interstitial-trial&utm_medium=extension",
          "cta": "Maak uw account aan",
          "subCta": "Begin uw gratis test voor 7 dagen"
        },
        "ko": {
          "html": "<h1 class='campaign-heading-m'><b>무료 ZenMate VPN 평가판 시작</b><br><small>기능 확인:</small></h1><ul class='mt-3 features-list'>  <li><span class=' mr-2'>✓</span>74개 이상의 국가에 있는 서버.</li>  <li class=' mt-1'><span class=' mr-2'>✓</span>특별 스트리밍 서버(Netflix, Disney +, BBC iPlayer, Amazon Prime 등).</li>  <li class=' mt-1'><span class=' mr-2'>✓</span>스마트 위치, 허용 목록 기능, 스텔스 연결.</li>  <li class=' mt-1'><span class=' mr-2'>✓</span>모든 장치를 위한 앱(Windows, macOS, iOS, Android).</li>  </ul>",
          "url": "https://account.zenmate.com/ko_KR/signup?utm_source=guest-visit-interstitial-trial&utm_medium=extension",
          "cta": "사용자 계정 만들기",
          "subCta": "7일 무료 평가판 시작"
        },
        "es": {
          "html": "<h1 class='campaign-heading-m'><b>Inicie su prueba GRATIS de ZenMate VPN</b><br><small>Y descubra:</small></h1><ul class='mt-3 features-list'>  <li><span class=' mr-2'>✓</span>Servidores en más de 74 países.</li>  <li class=' mt-1'><span class=' mr-2'>✓</span>Servidores especiales de streaming (Netflix, Disney +, BBC iPlayer, Amazon Prime y otros).</li>  <li class=' mt-1'><span class=' mr-2'>✓</span>Ubicaciones inteligentes, función de lista blanca, conexión sigilosa.</li>  <li class=' mt-1'><span class=' mr-2'>✓</span>Aplicaciones para todos los dispositivos (Windows, macOS, iOS, Android).</li>  </ul>",
          "url": "https://account.zenmate.com/es_ES/signup?utm_source=guest-visit-interstitial-trial&utm_medium=extension",
          "cta": "Crear su cuenta",
          "subCta": "Iniciar la prueba gratis de 7 días"
        },
        "tr": {
          "html": "<h1 class='campaign-heading-l'><b>ÜCRETSİZ ZenMate VPN denemeni başlat</b><br><small>ve keşfedin:</small></h1><ul class='mt-3 features-list'>  <li><span class=' mr-2'>✓</span>74+ ülkede sunucular.</li>  <li class=' mt-1'><span class=' mr-2'>✓</span>Özel çevrimiçi yürütme sunucuları (Netflix, Disney +, BBC iPlayer, Amazon Prime ve daha fazlası).</li>  <li class=' mt-1'><span class=' mr-2'>✓</span>Akıllı konumlar, Beyaz Liste özelliği, Görünmez bağlantı.</li>  <li class=' mt-1'><span class=' mr-2'>✓</span>Tüm cihazlar için uygulamalar (Windows, macOS, iOS, Android).</li>  </ul>",
          "url": "https://account.zenmate.com/tr_TR/signup?utm_source=guest-visit-interstitial-trial&utm_medium=extension",
          "cta": "Hesap oluştur",
          "subCta": "7 günlük ücretsiz denemeyi başlat"
        },
        "ru": {
          "html": "<h1 class='campaign-heading-s'><b>Начните БЕСПЛАТНЫЙ пробный период ZenMate VPN</b><br><small>И откройте для себя:</small></h1><ul class='mt-3 features-list'>  <li><span class=' mr-2'>✓</span>Серверы в 74+ странах.</li>  <li class=' mt-1'><span class=' mr-2'>✓</span>Специальные серверы для стриминга (Netflix, Disney +, BBC iPlayer, Amazon Prime и другие).</li>  <li class=' mt-1'><span class=' mr-2'>✓</span>Автоматический выбор местоположений, белый список, скрытое подключение.</li>  <li class=' mt-1'><span class=' mr-2'>✓</span>Приложения для всех устройств (Windows, macOS, iOS, Android).</li>  </ul>",
          "url": "https://account.zenmate.com/ru_RU/signup?utm_source=guest-visit-interstitial-trial&utm_medium=extension",
          "cta": "Создать новый аккаунт",
          "subCta": "Начать 7-дневный бесплатный пробный период"
        }
      }
    },
    {
      "name": "guest-disconnect-interstitial-spring2022-pro",
      "settings": {
        "env": [
          "dev", "production"
        ],
        "subscription": [
          "guest"
        ],
        "active": true,
        "startDate": "2022-01-01",
        "endDate": "2023-01-01",
        "hasBackArrow": true,
        "hasHeader": true,
        "triggerType": "disconnect",
        "triggerCampaignCount": 3,
        "dailyCap": 10,
        "styles": {
          "contentPadding": "5px 0px 20px 0px",
          "ctaMarginTop": "20px"
        }
      },
      "campaign": "spring2022",
      "conversionPoint": "extension",
      "layout": "image",
      "hasContent": false,
      "image": {
        "en": {
          "src": "https://www.mate.zone/cms/imgs/spring-campaign-2022/zm_spring_2022_interstitial_pro_en.png",
          "url": "https://zenmate.com/order-pro?utm_source=guest-disconnect-interstitial-default-pro&utm_medium=extension"
        },
        "de": {
          "src": "https://www.mate.zone/cms/imgs/spring-campaign-2022/zm_spring_2022_interstitial_pro_de.png",
          "url": "https://zenmate.com/de/order-pro?utm_source=guest-disconnect-interstitial-default-pro&utm_medium=extension"
        },
        "es": {
          "src": "https://www.mate.zone/cms/imgs/spring-campaign-2022/zm_spring_2022_interstitial_pro_es.png",
          "url": "https://zenmate.com/es/order-pro?utm_source=guest-disconnect-interstitial-default-pro&utm_medium=extension"
        },
        "fr": {
          "src": "https://www.mate.zone/cms/imgs/spring-campaign-2022/zm_spring_2022_interstitial_pro_fr.png",
          "url": "https://zenmate.com/fr/order-pro?utm_source=guest-disconnect-interstitial-default-pro&utm_medium=extension"
        },
        "ko": {
          "src": "https://www.mate.zone/cms/imgs/spring-campaign-2022/zm_spring_2022_interstitial_pro_ko.png",
          "url": "https://zenmate.com/ko/order-pro?utm_source=guest-disconnect-interstitial-default-pro&utm_medium=extension"
        },
        "nl": {
          "src": "https://www.mate.zone/cms/imgs/spring-campaign-2022/zm_spring_2022_interstitial_pro_nl.png",
          "url": "https://zenmate.com/nl/order-pro?utm_source=guest-disconnect-interstitial-default-pro&utm_medium=extension"
        },
        "ru": {
          "src": "https://www.mate.zone/cms/imgs/spring-campaign-2022/zm_spring_2022_interstitial_pro_ru.png",
          "url": "https://zenmate.com/ru/order-pro?utm_source=guest-disconnect-interstitial-default-pro&utm_medium=extension"
        },
        "tr": {
          "src": "https://www.mate.zone/cms/imgs/spring-campaign-2022/zm_spring_2022_interstitial_pro_tr.png",
          "url": "https://zenmate.com/tr/order-pro?utm_source=guest-disconnect-interstitial-default-pro&utm_medium=extension"
        }
      },
      "content": {}
    },
    {
      "name": "guest-visit-interstitial-spring2022-pro",
      "settings": {
        "env": [
          "dev", "production"
        ],
        "subscription": [
          "guest"
        ],
        "active": true,
        "startDate": "2022-01-01",
        "endDate": "2023-01-01",
        "hasBackArrow": true,
        "hasHeader": true,
        "triggerType": "visit",
        "triggerCampaignCount": 1,
        "dailyCap": 1,
        "styles": {
          "contentPadding": "5px 0px 20px 0px",
          "ctaMarginTop": "20px"
        }
      },
      "campaign": "spring2022",
      "conversionPoint": "extension",
      "layout": "image",
      "hasContent": false,
      "image": {
        "en": {
          "src": "https://www.mate.zone/cms/imgs/spring-campaign-2022/zm_spring_2022_interstitial_pro_en.png",
          "url": "https://zenmate.com/order-pro?utm_source=guest-visit-interstitial-default-pro&utm_medium=extension"
        },
        "de": {
          "src": "https://www.mate.zone/cms/imgs/spring-campaign-2022/zm_spring_2022_interstitial_pro_de.png",
          "url": "https://zenmate.com/de/order-pro?utm_source=guest-visit-interstitial-default-pro&utm_medium=extension"
        },
        "es": {
          "src": "https://www.mate.zone/cms/imgs/spring-campaign-2022/zm_spring_2022_interstitial_pro_es.png",
          "url": "https://zenmate.com/es/order-pro?utm_source=guest-visit-interstitial-default-pro&utm_medium=extension"
        },
        "fr": {
          "src": "https://www.mate.zone/cms/imgs/spring-campaign-2022/zm_spring_2022_interstitial_pro_fr.png",
          "url": "https://zenmate.com/fr/order-pro?utm_source=guest-visit-interstitial-default-pro&utm_medium=extension"
        },
        "ko": {
          "src": "https://www.mate.zone/cms/imgs/spring-campaign-2022/zm_spring_2022_interstitial_pro_ko.png",
          "url": "https://zenmate.com/ko/order-pro?utm_source=guest-visit-interstitial-default-pro&utm_medium=extension"
        },
        "nl": {
          "src": "https://www.mate.zone/cms/imgs/spring-campaign-2022/zm_spring_2022_interstitial_pro_nl.png",
          "url": "https://zenmate.com/nl/order-pro?utm_source=guest-visit-interstitial-default-pro&utm_medium=extension"
        },
        "ru": {
          "src": "https://www.mate.zone/cms/imgs/spring-campaign-2022/zm_spring_2022_interstitial_pro_ru.png",
          "url": "https://zenmate.com/ru/order-pro?utm_source=guest-visit-interstitial-default-pro&utm_medium=extension"
        },
        "tr": {
          "src": "https://www.mate.zone/cms/imgs/spring-campaign-2022/zm_spring_2022_interstitial_pro_tr.png",
          "url": "https://zenmate.com/tr/order-pro?utm_source=guest-visit-interstitial-default-pro&utm_medium=extension"
        }
      },
      "content": {}
    },
    {
      "name": "free-disconnect-interstitial-spring2022-pro",
      "settings": {
        "env": [
          "dev", "production"
        ],
        "subscription": [
          "free"
        ],
        "active": true,
        "startDate": "2022-01-01",
        "endDate": "2023-01-01",
        "hasBackArrow": true,
        "hasHeader": true,
        "triggerType": "disconnect",
        "triggerCampaignCount": 4,
        "dailyCap": 2,
        "styles": {
          "contentPadding": "5px 0px 20px 0px",
          "ctaMarginTop": "20px"
        }
      },
      "campaign": "spring2022",
      "conversionPoint": "extension",
      "layout": "image",
      "hasContent": false,
      "image": {
        "en": {
          "src": "https://www.mate.zone/cms/imgs/spring-campaign-2022/zm_spring_2022_interstitial_pro_en.png",
          "url": "https://zenmate.com/order-pro?utm_source=free-disconnect-interstitial-default-pro&utm_medium=extension"
        },
        "de": {
          "src": "https://www.mate.zone/cms/imgs/spring-campaign-2022/zm_spring_2022_interstitial_pro_de.png",
          "url": "https://zenmate.com/de/order-pro?utm_source=free-disconnect-interstitial-default-pro&utm_medium=extension"
        },
        "es": {
          "src": "https://www.mate.zone/cms/imgs/spring-campaign-2022/zm_spring_2022_interstitial_pro_es.png",
          "url": "https://zenmate.com/es/order-pro?utm_source=free-disconnect-interstitial-default-pro&utm_medium=extension"
        },
        "fr": {
          "src": "https://www.mate.zone/cms/imgs/spring-campaign-2022/zm_spring_2022_interstitial_pro_fr.png",
          "url": "https://zenmate.com/fr/order-pro?utm_source=free-disconnect-interstitial-default-pro&utm_medium=extension"
        },
        "ko": {
          "src": "https://www.mate.zone/cms/imgs/spring-campaign-2022/zm_spring_2022_interstitial_pro_ko.png",
          "url": "https://zenmate.com/ko/order-pro?utm_source=free-disconnect-interstitial-default-pro&utm_medium=extension"
        },
        "nl": {
          "src": "https://www.mate.zone/cms/imgs/spring-campaign-2022/zm_spring_2022_interstitial_pro_nl.png",
          "url": "https://zenmate.com/nl/order-pro?utm_source=free-disconnect-interstitial-default-pro&utm_medium=extension"
        },
        "ru": {
          "src": "https://www.mate.zone/cms/imgs/spring-campaign-2022/zm_spring_2022_interstitial_pro_ru.png",
          "url": "https://zenmate.com/ru/order-pro?utm_source=free-disconnect-interstitial-default-pro&utm_medium=extension"
        },
        "tr": {
          "src": "https://www.mate.zone/cms/imgs/spring-campaign-2022/zm_spring_2022_interstitial_pro_tr.png",
          "url": "https://zenmate.com/tr/order-pro?utm_source=free-disconnect-interstitial-default-pro&utm_medium=extension"
        }
      },
      "content": {}
    },
    {
      "name": "free-visit-interstitial-spring2022-pro",
      "settings": {
        "env": [
          "dev", "production"
        ],
        "subscription": [
          "free"
        ],
        "active": true,
        "startDate": "2022-01-01",
        "endDate": "2023-01-01",
        "hasBackArrow": true,
        "hasHeader": true,
        "triggerType": "visit",
        "triggerCampaignCount": 1,
        "dailyCap": 1,
        "styles": {
          "contentPadding": "5px 0px 20px 0px",
          "ctaMarginTop": "20px"
        }
      },
      "campaign": "spring2022",
      "conversionPoint": "extension",
      "layout": "image",
      "hasContent": false,
      "image": {
        "en": {
          "src": "https://www.mate.zone/cms/imgs/spring-campaign-2022/zm_spring_2022_interstitial_pro_en.png",
          "url": "https://zenmate.com/order-pro?utm_source=free-visit-interstitial-default-pro&utm_medium=extension"
        },
        "de": {
          "src": "https://www.mate.zone/cms/imgs/spring-campaign-2022/zm_spring_2022_interstitial_pro_de.png",
          "url": "https://zenmate.com/de/order-pro?utm_source=free-visit-interstitial-default-pro&utm_medium=extension"
        },
        "es": {
          "src": "https://www.mate.zone/cms/imgs/spring-campaign-2022/zm_spring_2022_interstitial_pro_es.png",
          "url": "https://zenmate.com/es/order-pro?utm_source=free-visit-interstitial-default-pro&utm_medium=extension"
        },
        "fr": {
          "src": "https://www.mate.zone/cms/imgs/spring-campaign-2022/zm_spring_2022_interstitial_pro_fr.png",
          "url": "https://zenmate.com/fr/order-pro?utm_source=free-visit-interstitial-default-pro&utm_medium=extension"
        },
        "ko": {
          "src": "https://www.mate.zone/cms/imgs/spring-campaign-2022/zm_spring_2022_interstitial_pro_ko.png",
          "url": "https://zenmate.com/ko/order-pro?utm_source=free-visit-interstitial-default-pro&utm_medium=extension"
        },
        "nl": {
          "src": "https://www.mate.zone/cms/imgs/spring-campaign-2022/zm_spring_2022_interstitial_pro_nl.png",
          "url": "https://zenmate.com/nl/order-pro?utm_source=free-visit-interstitial-default-pro&utm_medium=extension"
        },
        "ru": {
          "src": "https://www.mate.zone/cms/imgs/spring-campaign-2022/zm_spring_2022_interstitial_pro_ru.png",
          "url": "https://zenmate.com/ru/order-pro?utm_source=free-visit-interstitial-default-pro&utm_medium=extension"
        },
        "tr": {
          "src": "https://www.mate.zone/cms/imgs/spring-campaign-2022/zm_spring_2022_interstitial_pro_tr.png",
          "url": "https://zenmate.com/tr/order-pro?utm_source=free-visit-interstitial-default-pro&utm_medium=extension"
        }
      },
      "content": {}
    },
    {
      "name": "trialExpired-disconnect-interstitial-spring2022-pro",
      "settings": {
        "env": [
          "dev", "production"
        ],
        "subscription": [
          "trialExpired"
        ],
        "active": true,
        "startDate": "2022-01-01",
        "endDate": "2023-01-01",
        "hasBackArrow": true,
        "hasHeader": true,
        "triggerType": "disconnect",
        "triggerCampaignCount": 4,
        "dailyCap": 2,
        "styles": {
          "contentPadding": "5px 0px 20px 0px",
          "ctaMarginTop": "20px"
        }
      },
      "campaign": "spring2022",
      "conversionPoint": "extension",
      "layout": "image",
      "hasContent": false,
      "image": {
        "en": {
          "src": "https://www.mate.zone/cms/imgs/spring-campaign-2022/zm_spring_2022_interstitial_pro_en.png",
          "url": "https://zenmate.com/order-pro?utm_source=trialExpired-disconnect-interstitial-default-pro&utm_medium=extension"
        },
        "de": {
          "src": "https://www.mate.zone/cms/imgs/spring-campaign-2022/zm_spring_2022_interstitial_pro_de.png",
          "url": "https://zenmate.com/de/order-pro?utm_source=trialExpired-disconnect-interstitial-default-pro&utm_medium=extension"
        },
        "es": {
          "src": "https://www.mate.zone/cms/imgs/spring-campaign-2022/zm_spring_2022_interstitial_pro_es.png",
          "url": "https://zenmate.com/es/order-pro?utm_source=trialExpired-disconnect-interstitial-default-pro&utm_medium=extension"
        },
        "fr": {
          "src": "https://www.mate.zone/cms/imgs/spring-campaign-2022/zm_spring_2022_interstitial_pro_fr.png",
          "url": "https://zenmate.com/fr/order-pro?utm_source=trialExpired-disconnect-interstitial-default-pro&utm_medium=extension"
        },
        "ko": {
          "src": "https://www.mate.zone/cms/imgs/spring-campaign-2022/zm_spring_2022_interstitial_pro_ko.png",
          "url": "https://zenmate.com/ko/order-pro?utm_source=trialExpired-disconnect-interstitial-default-pro&utm_medium=extension"
        },
        "nl": {
          "src": "https://www.mate.zone/cms/imgs/spring-campaign-2022/zm_spring_2022_interstitial_pro_nl.png",
          "url": "https://zenmate.com/nl/order-pro?utm_source=trialExpired-disconnect-interstitial-default-pro&utm_medium=extension"
        },
        "ru": {
          "src": "https://www.mate.zone/cms/imgs/spring-campaign-2022/zm_spring_2022_interstitial_pro_ru.png",
          "url": "https://zenmate.com/ru/order-pro?utm_source=trialExpired-disconnect-interstitial-default-pro&utm_medium=extension"
        },
        "tr": {
          "src": "https://www.mate.zone/cms/imgs/spring-campaign-2022/zm_spring_2022_interstitial_pro_tr.png",
          "url": "https://zenmate.com/tr/order-pro?utm_source=trialExpired-disconnect-interstitial-default-pro&utm_medium=extension"
        }
      },
      "content": {}
    },
    {
      "name": "trialExpired-visit-interstitial-spring2022-pro",
      "settings": {
        "env": [
          "dev", "production"
        ],
        "subscription": [
          "trialExpired"
        ],
        "active": true,
        "startDate": "2022-01-01",
        "endDate": "2023-01-01",
        "hasBackArrow": true,
        "hasHeader": true,
        "triggerType": "visit",
        "triggerCampaignCount": 1,
        "dailyCap": 1,
        "styles": {
          "contentPadding": "5px 0px 20px 0px",
          "ctaMarginTop": "20px"
        }
      },
      "campaign": "spring2022",
      "conversionPoint": "extension",
      "layout": "image",
      "hasContent": false,
      "image": {
        "en": {
          "src": "https://www.mate.zone/cms/imgs/spring-campaign-2022/zm_spring_2022_interstitial_pro_en.png",
          "url": "https://zenmate.com/order-pro?utm_source=trialExpired-visit-interstitial-default-pro&utm_medium=extension"
        },
        "de": {
          "src": "https://www.mate.zone/cms/imgs/spring-campaign-2022/zm_spring_2022_interstitial_pro_de.png",
          "url": "https://zenmate.com/de/order-pro?utm_source=trialExpired-visit-interstitial-default-pro&utm_medium=extension"
        },
        "es": {
          "src": "https://www.mate.zone/cms/imgs/spring-campaign-2022/zm_spring_2022_interstitial_pro_es.png",
          "url": "https://zenmate.com/es/order-pro?utm_source=trialExpired-visit-interstitial-default-pro&utm_medium=extension"
        },
        "fr": {
          "src": "https://www.mate.zone/cms/imgs/spring-campaign-2022/zm_spring_2022_interstitial_pro_fr.png",
          "url": "https://zenmate.com/fr/order-pro?utm_source=trialExpired-visit-interstitial-default-pro&utm_medium=extension"
        },
        "ko": {
          "src": "https://www.mate.zone/cms/imgs/spring-campaign-2022/zm_spring_2022_interstitial_pro_ko.png",
          "url": "https://zenmate.com/ko/order-pro?utm_source=trialExpired-visit-interstitial-default-pro&utm_medium=extension"
        },
        "nl": {
          "src": "https://www.mate.zone/cms/imgs/spring-campaign-2022/zm_spring_2022_interstitial_pro_nl.png",
          "url": "https://zenmate.com/nl/order-pro?utm_source=trialExpired-visit-interstitial-default-pro&utm_medium=extension"
        },
        "ru": {
          "src": "https://www.mate.zone/cms/imgs/spring-campaign-2022/zm_spring_2022_interstitial_pro_ru.png",
          "url": "https://zenmate.com/ru/order-pro?utm_source=trialExpired-visit-interstitial-default-pro&utm_medium=extension"
        },
        "tr": {
          "src": "https://www.mate.zone/cms/imgs/spring-campaign-2022/zm_spring_2022_interstitial_pro_tr.png",
          "url": "https://zenmate.com/tr/order-pro?utm_source=trialExpired-visit-interstitial-default-pro&utm_medium=extension"
        }
      },
      "content": {}
    },
    {
      "name": "trial-disconnect-interstitial-spring2022-ultimate",
      "settings": {
        "env": [
          "dev", "production"
        ],
        "subscription": [
          "trial"
        ],
        "active": true,
        "startDate": "2022-01-010",
        "endDate": "2023-01-01",
        "hasBackArrow": true,
        "hasHeader": true,
        "triggerType": "disconnect",
        "triggerCampaignCount": 4,
        "dailyCap": 1,
        "styles": {
          "contentPadding": "5px 0px 20px 0px",
          "ctaMarginTop": "20px"
        }
      },
      "campaign": "spring2022",
      "conversionPoint": "extension",
      "layout": "image",
      "hasContent": false,
      "image": {
        "en": {
          "src": "https://www.mate.zone/cms/imgs/spring-campaign-2022/zm_spring_2022_interstitial_ultimate_en.png",
          "url": "https://zenmate.com/order?utm_source=trial-disconnect-interstitial-default-ultimate&utm_medium=extension"
        },
        "de": {
          "src": "https://www.mate.zone/cms/imgs/spring-campaign-2022/zm_spring_2022_interstitial_ultimate_de.png",
          "url": "https://zenmate.com/de/kaufen?utm_source=trial-disconnect-interstitial-default-ultimate&utm_medium=extension"
        },
        "es": {
          "src": "https://www.mate.zone/cms/imgs/spring-campaign-2022/zm_spring_2022_interstitial_ultimate_es.png",
          "url": "https://zenmate.com/es/order?utm_source=trial-disconnect-interstitial-default-ultimate&utm_medium=extension"
        },
        "fr": {
          "src": "https://www.mate.zone/cms/imgs/spring-campaign-2022/zm_spring_2022_interstitial_ultimate_fr.png",
          "url": "https://zenmate.com/fr/acheter?utm_source=trial-disconnect-interstitial-default-ultimate&utm_medium=extension"
        },
        "ko": {
          "src": "https://www.mate.zone/cms/imgs/spring-campaign-2022/zm_spring_2022_interstitial_ultimate_ko.png",
          "url": "https://zenmate.com/ko/order?utm_source=trial-disconnect-interstitial-default-ultimate&utm_medium=extension"
        },
        "nl": {
          "src": "https://www.mate.zone/cms/imgs/spring-campaign-2022/zm_spring_2022_interstitial_ultimate_nl.png",
          "url": "https://zenmate.com/order?utm_source=trial-disconnect-interstitial-default-ultimate&utm_medium=extension"
        },
        "ru": {
          "src": "https://www.mate.zone/cms/imgs/spring-campaign-2022/zm_spring_2022_interstitial_ultimate_ru.png",
          "url": "https://zenmate.com/ru/order?utm_source=trial-disconnect-interstitial-default-ultimate&utm_medium=extension"
        },
        "tr": {
          "src": "https://www.mate.zone/cms/imgs/spring-campaign-2022/zm_spring_2022_interstitial_ultimate_tr.png",
          "url": "https://zenmate.com/tr/order?utm_source=trial-disconnect-interstitial-default-ultimate&utm_medium=extension"
        }
      },
      "content": {}
    },
    {
      "name": "zenmate-survey",
      "settings": {
        "env": [
          "dev", "production"
        ],
        "subscription": [
          "trial",
          "trialExpired",
          "free",
          "guest",
          "pro",
          "ultimate"
        ],
        "active": false,
        "startDate": "2021-08-30",
        "endDate": "2022-12-31",
        "hasBackArrow": true,
        "hasHeader": true,
        "triggerType": "disconnect",
        "triggerCampaignCount": 1,
        "dailyCap": 1,
        "userCap": 1,
        "styles": {
          "contentPadding": "5px 0px 20px 0px",
          "ctaMarginTop": "20px"
        }
      },
      "campaign": "zenmate-survey",
      "conversionPoint": "extension",
      "layout": "image",
      "hasContent": false,
      "image": {
        "en": {
          "src": "https://www.mate.zone/cms/imgs/zm_survey_research_interstitial.png",
          "url": "https://zenmate.com/zm-survey"
        }
      },
      "content": {}
    },
    {
      "name": "proMonthly-disconnect-interstitial-spring2022-pro",
      "settings": {
        "env": [
          "dev", "production"
        ],
        "subscription": [
          "pro"
        ],
        "runtime": 1,
        "active": true,
        "startDate": "2022-01-01",
        "endDate": "2023-01-01",
        "hasBackArrow": true,
        "hasHeader": true,
        "triggerType": "disconnect",
        "triggerCampaignCount": 4,
        "dailyCap": 1,
        "styles": {
          "contentPadding": "5px 0px 20px 0px",
          "ctaMarginTop": "20px"
        }
      },
      "campaign": "spring2022",
      "conversionPoint": "extension",
      "layout": "image",
      "hasContent": false,
      "image": {
        "en": {
          "src": "https://www.mate.zone/cms/imgs/spring-campaign-2022/zm_spring_2022_interstitial_pro_en.png",
          "url": "https://zenmate.com/order-pro?utm_source=proMonthly-disconnect-interstitial-default-pro&utm_medium=extension"
        },
        "de": {
          "src": "https://www.mate.zone/cms/imgs/spring-campaign-2022/zm_spring_2022_interstitial_pro_de.png",
          "url": "https://zenmate.com/de/order-pro?utm_source=proMonthly-disconnect-interstitial-default-pro&utm_medium=extension"
        },
        "es": {
          "src": "https://www.mate.zone/cms/imgs/spring-campaign-2022/zm_spring_2022_interstitial_pro_es.png",
          "url": "https://zenmate.com/es/order-pro?utm_source=proMonthly-disconnect-interstitial-default-pro&utm_medium=extension"
        },
        "fr": {
          "src": "https://www.mate.zone/cms/imgs/spring-campaign-2022/zm_spring_2022_interstitial_pro_fr.png",
          "url": "https://zenmate.com/fr/order-pro?utm_source=proMonthly-disconnect-interstitial-default-pro&utm_medium=extension"
        },
        "ko": {
          "src": "https://www.mate.zone/cms/imgs/spring-campaign-2022/zm_spring_2022_interstitial_pro_ko.png",
          "url": "https://zenmate.com/ko/order-pro?utm_source=proMonthly-disconnect-interstitial-default-pro&utm_medium=extension"
        },
        "nl": {
          "src": "https://www.mate.zone/cms/imgs/spring-campaign-2022/zm_spring_2022_interstitial_pro_nl.png",
          "url": "https://zenmate.com/nl/order-pro?utm_source=proMonthly-disconnect-interstitial-default-pro&utm_medium=extension"
        },
        "ru": {
          "src": "https://www.mate.zone/cms/imgs/spring-campaign-2022/zm_spring_2022_interstitial_pro_ru.png",
          "url": "https://zenmate.com/ru/order-pro?utm_source=proMonthly-disconnect-interstitial-default-pro&utm_medium=extension"
        },
        "tr": {
          "src": "https://www.mate.zone/cms/imgs/spring-campaign-2022/zm_spring_2022_interstitial_pro_tr.png",
          "url": "https://zenmate.com/tr/order-pro?utm_source=proMonthly-disconnect-interstitial-default-pro&utm_medium=extension"
        }
      },
      "content": {}
    },
    {
      "name": "pro6months-disconnect-interstitial-spring2022-pro",
      "settings": {
        "env": [
          "dev", "production"
        ],
        "subscription": [
          "pro"
        ],
        "runtime": 6,
        "active": true,
        "startDate": "2022-01-01",
        "endDate": "2023-01-01",
        "hasBackArrow": true,
        "hasHeader": true,
        "triggerType": "disconnect",
        "triggerCampaignCount": 4,
        "dailyCap": 1,
        "styles": {
          "contentPadding": "5px 0px 20px 0px",
          "ctaMarginTop": "20px"
        }
      },
      "campaign": "spring2022",
      "conversionPoint": "extension",
      "layout": "image",
      "hasContent": false,
      "image": {
        "en": {
          "src": "https://www.mate.zone/cms/imgs/spring-campaign-2022/zm_spring_2022_interstitial_pro_en.png",
          "url": "https://zenmate.com/order-pro?utm_source=pro6months-disconnect-interstitial-default-pro&utm_medium=extension"
        },
        "de": {
          "src": "https://www.mate.zone/cms/imgs/spring-campaign-2022/zm_spring_2022_interstitial_pro_de.png",
          "url": "https://zenmate.com/de/order-pro?utm_source=pro6months-disconnect-interstitial-default-pro&utm_medium=extension"
        },
        "es": {
          "src": "https://www.mate.zone/cms/imgs/spring-campaign-2022/zm_spring_2022_interstitial_pro_es.png",
          "url": "https://zenmate.com/es/order-pro?utm_source=pro6months-disconnect-interstitial-default-pro&utm_medium=extension"
        },
        "fr": {
          "src": "https://www.mate.zone/cms/imgs/spring-campaign-2022/zm_spring_2022_interstitial_pro_fr.png",
          "url": "https://zenmate.com/fr/order-pro?utm_source=pro6months-disconnect-interstitial-default-pro&utm_medium=extension"
        },
        "ko": {
          "src": "https://www.mate.zone/cms/imgs/spring-campaign-2022/zm_spring_2022_interstitial_pro_ko.png",
          "url": "https://zenmate.com/ko/order-pro?utm_source=pro6months-disconnect-interstitial-default-pro&utm_medium=extension"
        },
        "nl": {
          "src": "https://www.mate.zone/cms/imgs/spring-campaign-2022/zm_spring_2022_interstitial_pro_nl.png",
          "url": "https://zenmate.com/nl/order-pro?utm_source=pro6months-disconnect-interstitial-default-pro&utm_medium=extension"
        },
        "ru": {
          "src": "https://www.mate.zone/cms/imgs/spring-campaign-2022/zm_spring_2022_interstitial_pro_ru.png",
          "url": "https://zenmate.com/ru/order-pro?utm_source=pro6months-disconnect-interstitial-default-pro&utm_medium=extension"
        },
        "tr": {
          "src": "https://www.mate.zone/cms/imgs/spring-campaign-2022/zm_spring_2022_interstitial_pro_tr.png",
          "url": "https://zenmate.com/tr/order-pro?utm_source=pro6months-disconnect-interstitial-default-pro&utm_medium=extension"
        }
      },
      "content": {}
    },

    {
      "name": "proYearly-disconnect-interstitial-spring2022-ultimate",
      "settings": {
        "env": [
          "dev", "production"
        ],
        "subscription": [
          "pro"
        ],
        "runtime": 12,
        "active": true,
        "startDate": "2022-01-01",
        "endDate": "2023-01-01",
        "hasBackArrow": true,
        "hasHeader": true,
        "triggerType": "disconnect",
        "triggerCampaignCount": 5,
        "dailyCap": 1,
        "styles": {
          "contentPadding": "5px 0px 20px 0px",
          "ctaMarginTop": "20px"
        }
      },
      "campaign": "spring2022",
      "conversionPoint": "extension",
      "layout": "image",
      "hasContent": false,
      "image": {
        "en": {
          "src": "https://www.mate.zone/cms/imgs/spring-campaign-2022/zm_spring_2022_interstitial_ultimate_en.png",
          "url": "https://zenmate.com/order?utm_source=proYearly-disconnect-interstitial-default-ultimate&utm_medium=extension"
        },
        "de": {
          "src": "https://www.mate.zone/cms/imgs/spring-campaign-2022/zm_spring_2022_interstitial_ultimate_de.png",
          "url": "https://zenmate.com/de/kaufen?utm_source=proYearly-disconnect-interstitial-default-ultimate&utm_medium=extension"
        },
        "es": {
          "src": "https://www.mate.zone/cms/imgs/spring-campaign-2022/zm_spring_2022_interstitial_ultimate_es.png",
          "url": "https://zenmate.com/es/order?utm_source=proYearly-disconnect-interstitial-default-ultimate&utm_medium=extension"
        },
        "fr": {
          "src": "https://www.mate.zone/cms/imgs/spring-campaign-2022/zm_spring_2022_interstitial_ultimate_fr.png",
          "url": "https://zenmate.com/fr/acheter?utm_source=proYearly-disconnect-interstitial-default-ultimate&utm_medium=extension"
        },
        "ko": {
          "src": "https://www.mate.zone/cms/imgs/spring-campaign-2022/zm_spring_2022_interstitial_ultimate_ko.png",
          "url": "https://zenmate.com/ko/order?utm_source=proYearly-disconnect-interstitial-default-ultimate&utm_medium=extension"
        },
        "nl": {
          "src": "https://www.mate.zone/cms/imgs/spring-campaign-2022/zm_spring_2022_interstitial_ultimate_nl.png",
          "url": "https://zenmate.com/order?utm_source=proYearly-disconnect-interstitial-default-ultimate&utm_medium=extension"
        },
        "ru": {
          "src": "https://www.mate.zone/cms/imgs/spring-campaign-2022/zm_spring_2022_interstitial_ultimate_ru.png",
          "url": "https://zenmate.com/ru/order?utm_source=proYearly-disconnect-interstitial-default-ultimate&utm_medium=extension"
        },
        "tr": {
          "src": "https://www.mate.zone/cms/imgs/spring-campaign-2022/zm_spring_2022_interstitial_ultimate_tr.png",
          "url": "https://zenmate.com/tr/order?utm_source=proYearly-disconnect-interstitial-default-ultimate&utm_medium=extension"
        }
      },
      "content": {}
    }
  ],
  "homeBanner": [
    {
      "name": "guest-banner-spring2022-pro",
      "settings": {
        "env": [
          "dev", "production"
        ],
        "subscription": [
          "guest"
        ],
        "active": true,
        "startDate": "2022-01-01",
        "endDate": "2023-01-01"
      },
      "campaign": "spring2022",
      "conversionPoint": "extension",
      "type": "image",
      "content": {
        "en": {
          "src": "https://www.mate.zone/cms/imgs/spring-campaign-2022/zm_spring_2022_ext_ban_pro_en.png",
          "url": "https://zenmate.com/order-pro?utm_source=guest-banner-default-pro&utm_medium=extension"
        },
        "de": {
          "src": "https://www.mate.zone/cms/imgs/spring-campaign-2022/zm_spring_2022_ext_ban_pro_de.png",
          "url": "https://zenmate.com/de/order-pro?utm_source=guest-banner-default-pro&utm_medium=extension"
        },
        "es": {
          "src": "https://www.mate.zone/cms/imgs/spring-campaign-2022/zm_spring_2022_ext_ban_pro_es.png",
          "url": "https://zenmate.com/es/order-pro?utm_source=guest-banner-default-pro&utm_medium=extension"
        },
        "fr": {
          "src": "https://www.mate.zone/cms/imgs/spring-campaign-2022/zm_spring_2022_ext_ban_pro_fr.png",
          "url": "https://zenmate.com/fr/order-pro?utm_source=guest-banner-default-pro&utm_medium=extension"
        },
        "ko": {
          "src": "https://www.mate.zone/cms/imgs/spring-campaign-2022/zm_spring_2022_ext_ban_pro_ko.png",
          "url": "https://zenmate.com/ko/order-pro?utm_source=guest-banner-default-pro&utm_medium=extension"
        },
        "nl": {
          "src": "https://www.mate.zone/cms/imgs/spring-campaign-2022/zm_spring_2022_ext_ban_pro_nl.png",
          "url": "https://zenmate.com/order-pro?utm_source=guest-banner-default-pro&utm_medium=extension"
        },
        "ru": {
          "src": "https://www.mate.zone/cms/imgs/spring-campaign-2022/zm_spring_2022_ext_ban_pro_ru.png",
          "url": "https://zenmate.com/ru/order-pro?utm_source=guest-banner-default-pro&utm_medium=extension"
        },
        "tr": {
          "src": "https://www.mate.zone/cms/imgs/spring-campaign-2022/zm_spring_2022_ext_ban_pro_tr.png",
          "url": "https://zenmate.com/tr/order-pro?utm_source=guest-banner-default-pro&utm_medium=extension"
        }
      }
    },
    {
      "name": "trial-banner-default-pro",
      "settings": {
        "env": [
          "dev", "production"
        ],
        "subscription": [
          "trial"
        ],
        "active": true,
        "startDate": "2022-01-01",
        "endDate": "2023-01-01"
      },
      "campaign": "default",
      "conversionPoint": "extension",
      "type": "image",
      "content": {
        "en": {
          "src": "https://www.mate.zone/cms/imgs/spring-campaign-2022/zm_spring_2022_ext_ban_pro_en.png",
          "url": "https://zenmate.com/order-pro?utm_source=trial-banner-default-pro&utm_medium=extension"
        },
        "de": {
          "src": "https://www.mate.zone/cms/imgs/spring-campaign-2022/zm_spring_2022_ext_ban_pro_de.png",
          "url": "https://zenmate.com/de/order-pro?utm_source=trial-banner-default-pro&utm_medium=extension"
        },
        "es": {
          "src": "https://www.mate.zone/cms/imgs/spring-campaign-2022/zm_spring_2022_ext_ban_pro_es.png",
          "url": "https://zenmate.com/es/order-pro?utm_source=trial-banner-default-pro&utm_medium=extension"
        },
        "fr": {
          "src": "https://www.mate.zone/cms/imgs/spring-campaign-2022/zm_spring_2022_ext_ban_pro_fr.png",
          "url": "https://zenmate.com/fr/order-pro?utm_source=trial-banner-default-pro&utm_medium=extension"
        },
        "ko": {
          "src": "https://www.mate.zone/cms/imgs/spring-campaign-2022/zm_spring_2022_ext_ban_pro_ko.png",
          "url": "https://zenmate.com/ko/order-pro?utm_source=trial-banner-default-pro&utm_medium=extension"
        },
        "nl": {
          "src": "https://www.mate.zone/cms/imgs/spring-campaign-2022/zm_spring_2022_ext_ban_pro_nl.png",
          "url": "https://zenmate.com/order-pro?utm_source=trial-banner-default-pro&utm_medium=extension"
        },
        "ru": {
          "src": "https://www.mate.zone/cms/imgs/spring-campaign-2022/zm_spring_2022_ext_ban_pro_ru.png",
          "url": "https://zenmate.com/ru/order-pro?utm_source=trial-banner-default-pro&utm_medium=extension"
        },
        "tr": {
          "src": "https://www.mate.zone/cms/imgs/spring-campaign-2022/zm_spring_2022_ext_ban_pro_tr.png",
          "url": "https://zenmate.com/tr/order-pro?utm_source=trial-banner-default-pro&utm_medium=extension"
        }
      }
    },
    {
      "name": "free-banner-default-pro",
      "settings": {
        "env": [
          "dev","production"
        ],
        "subscription": [
          "free"
        ],
        "active": true,
        "startDate": "2022-01-01",
        "endDate": "2023-01-01"
      },
      "campaign": "default",
      "conversionPoint": "extension",
      "type": "image",
      "content": {
        "en": {
          "src": "https://www.mate.zone/cms/imgs/spring-campaign-2022/zm_spring_2022_ext_ban_pro_en.png",
          "url": "https://zenmate.com/order-pro?utm_source=free-banner-default-pro&utm_medium=extension"
        },
        "de": {
          "src": "https://www.mate.zone/cms/imgs/spring-campaign-2022/zm_spring_2022_ext_ban_pro_de.png",
          "url": "https://zenmate.com/de/order-pro?utm_source=free-banner-default-pro&utm_medium=extension"
        },
        "es": {
          "src": "https://www.mate.zone/cms/imgs/spring-campaign-2022/zm_spring_2022_ext_ban_pro_es.png",
          "url": "https://zenmate.com/es/order-pro?utm_source=free-banner-default-pro&utm_medium=extension"
        },
        "fr": {
          "src": "https://www.mate.zone/cms/imgs/spring-campaign-2022/zm_spring_2022_ext_ban_pro_fr.png",
          "url": "https://zenmate.com/fr/order-pro?utm_source=free-banner-default-pro&utm_medium=extension"
        },
        "ko": {
          "src": "https://www.mate.zone/cms/imgs/spring-campaign-2022/zm_spring_2022_ext_ban_pro_ko.png",
          "url": "https://zenmate.com/ko/order-pro?utm_source=free-banner-default-pro&utm_medium=extension"
        },
        "nl": {
          "src": "https://www.mate.zone/cms/imgs/spring-campaign-2022/zm_spring_2022_ext_ban_pro_nl.png",
          "url": "https://zenmate.com/order-pro?utm_source=free-banner-default-pro&utm_medium=extension"
        },
        "ru": {
          "src": "https://www.mate.zone/cms/imgs/spring-campaign-2022/zm_spring_2022_ext_ban_pro_ru.png",
          "url": "https://zenmate.com/ru/order-pro?utm_source=free-banner-default-pro&utm_medium=extension"
        },
        "tr": {
          "src": "https://www.mate.zone/cms/imgs/spring-campaign-2022/zm_spring_2022_ext_ban_pro_tr.png",
          "url": "https://zenmate.com/tr/order-pro?utm_source=free-banner-default-pro&utm_medium=extension"
        }
      }
    },
    {
      "name": "trialExpired-banner-default-pro",
      "settings": {
        "env": [
          "production","dev"
        ],
        "subscription": [
          "trialExpired"
        ],
        "active": true,
        "startDate": "2022-01-01",
        "endDate": "2023-01-01"
      },
      "campaign": "default",
      "conversionPoint": "extension",
      "type": "image",
      "content": {
        "en": {
          "src": "https://www.mate.zone/cms/imgs/spring-campaign-2022/zm_spring_2022_ext_ban_pro_en.png",
          "url": "https://zenmate.com/order-pro?utm_source=trialExpired-banner-default-pro&utm_medium=extension"
        },
        "de": {
          "src": "https://www.mate.zone/cms/imgs/spring-campaign-2022/zm_spring_2022_ext_ban_pro_de.png",
          "url": "https://zenmate.com/de/order-pro?utm_source=trialExpired-banner-default-pro&utm_medium=extension"
        },
        "es": {
          "src": "https://www.mate.zone/cms/imgs/spring-campaign-2022/zm_spring_2022_ext_ban_pro_es.png",
          "url": "https://zenmate.com/es/order-pro?utm_source=trialExpired-banner-default-pro&utm_medium=extension"
        },
        "fr": {
          "src": "https://www.mate.zone/cms/imgs/spring-campaign-2022/zm_spring_2022_ext_ban_pro_fr.png",
          "url": "https://zenmate.com/fr/order-pro?utm_source=trialExpired-banner-default-pro&utm_medium=extension"
        },
        "ko": {
          "src": "https://www.mate.zone/cms/imgs/spring-campaign-2022/zm_spring_2022_ext_ban_pro_ko.png",
          "url": "https://zenmate.com/ko/order-pro?utm_source=trialExpired-banner-default-pro&utm_medium=extension"
        },
        "nl": {
          "src": "https://www.mate.zone/cms/imgs/spring-campaign-2022/zm_spring_2022_ext_ban_pro_nl.png",
          "url": "https://zenmate.com/nl/order-pro?utm_source=trialExpired-banner-default-pro&utm_medium=extension"
        },
        "ru": {
          "src": "https://www.mate.zone/cms/imgs/spring-campaign-2022/zm_spring_2022_ext_ban_pro_ru.png",
          "url": "https://zenmate.com/ru/order-pro?utm_source=trialExpired-banner-default-pro&utm_medium=extension"
        },
        "tr": {
          "src": "https://www.mate.zone/cms/imgs/spring-campaign-2022/zm_spring_2022_ext_ban_pro_tr.png",
          "url": "https://zenmate.com/tr/order-pro?utm_source=trialExpired-banner-default-pro&utm_medium=extension"
        }
      }
    },
    {
      "name": "proMonthly-banner-default-proYearly",
      "settings": {
        "env": [
          "production","dev"
        ],
        "subscription": [
          "pro"
        ],
        "runtime": 1,
        "active": true,
        "startDate": "2022-01-01",
        "endDate": "2023-01-01"
      },
      "campaign": "default",
      "conversionPoint": "extension",
      "type": "image",
      "content": {
        "en": {
          "src": "https://www.mate.zone/cms/imgs/spring-campaign-2022/zm_spring_2022_ext_ban_pro_en.png",
          "url": "https://zenmate.com/order-pro?utm_source=proMonthly-banner-default-proYearly&utm_medium=extension"
        },
        "de": {
          "src": "https://www.mate.zone/cms/imgs/spring-campaign-2022/zm_spring_2022_ext_ban_pro_de.png",
          "url": "https://zenmate.com/de/order-pro?utm_source=proMonthly-banner-default-proYearly&utm_medium=extension"
        },
        "es": {
          "src": "https://www.mate.zone/cms/imgs/spring-campaign-2022/zm_spring_2022_ext_ban_pro_es.png",
          "url": "https://zenmate.com/es/order-pro?utm_source=proMonthly-banner-default-proYearly&utm_medium=extension"
        },
        "fr": {
          "src": "https://www.mate.zone/cms/imgs/spring-campaign-2022/zm_spring_2022_ext_ban_pro_fr.png",
          "url": "https://zenmate.com/fr/order-pro?utm_source=proMonthly-banner-default-proYearly&utm_medium=extension"
        },
        "ko": {
          "src": "https://www.mate.zone/cms/imgs/spring-campaign-2022/zm_spring_2022_ext_ban_pro_ko.png",
          "url": "https://zenmate.com/ko/order-pro?utm_source=proMonthly-banner-default-proYearly&utm_medium=extension"
        },
        "nl": {
          "src": "https://www.mate.zone/cms/imgs/spring-campaign-2022/zm_spring_2022_ext_ban_pro_nl.png",
          "url": "https://zenmate.com/nl/order-pro?utm_source=proMonthly-banner-default-proYearly&utm_medium=extension"
        },
        "ru": {
          "src": "https://www.mate.zone/cms/imgs/spring-campaign-2022/zm_spring_2022_ext_ban_pro_ru.png",
          "url": "https://zenmate.com/ru/order-pro?utm_source=proMonthly-banner-default-proYearly&utm_medium=extension"
        },
        "tr": {
          "src": "https://www.mate.zone/cms/imgs/spring-campaign-2022/zm_spring_2022_ext_ban_pro_tr.png",
          "url": "https://zenmate.com/tr/order-pro?utm_source=proMonthly-banner-default-proYearly&utm_medium=extension"
        }
      }
    },
    {
      "name": "pro6months-banner-default-ultimate",
      "settings": {
        "env": [
          "production","dev"
        ],
        "subscription": [
          "pro"
        ],
        "runtime": 6,
        "active": true,
        "startDate": "2022-01-01",
        "endDate": "2023-01-01"
      },
      "campaign": "default",
      "conversionPoint": "extension",
      "type": "image",
      "content": {
        "en": {
          "src": "https://www.mate.zone/cms/imgs/spring-campaign-2022/zm_spring_2022_ext_ban_ultimate_en.png",
          "url": "https://zenmate.com/order?utm_source=pro6months-banner-default-ultimate&utm_medium=extension"
        },
        "fr": {
          "src": "https://www.mate.zone/cms/imgs/spring-campaign-2022/zm_spring_2022_ext_ban_ultimate_fr.png",
          "url": "https://zenmate.com/fr/acheter?utm_source=pro6months-banner-default-ultimate&utm_medium=extension"
        },
        "de": {
          "src": "https://www.mate.zone/cms/imgs/spring-campaign-2022/zm_spring_2022_ext_ban_ultimate_de.png",
          "url": "https://zenmate.com/de/kaufen?utm_source=pro6months-banner-default-ultimate&utm_medium=extension"
        },
        "nl": {
          "src": "https://www.mate.zone/cms/imgs/spring-campaign-2022/zm_spring_2022_ext_ban_ultimate_nl.png",
          "url": "https://zenmate.com/order?utm_source=pro6months-banner-default-ultimate&utm_medium=extension"
        },
        "ko": {
          "src": "https://www.mate.zone/cms/imgs/spring-campaign-2022/zm_spring_2022_ext_ban_ultimate_ko.png",
          "url": "https://zenmate.com/ko/order?utm_source=pro6months-banner-default-ultimate&utm_medium=extension"
        },
        "es": {
          "src": "https://www.mate.zone/cms/imgs/spring-campaign-2022/zm_spring_2022_ext_ban_ultimate_es.png",
          "url": "https://zenmate.com/es/order?utm_source=pro6months-banner-default-ultimate&utm_medium=extension"
        },
        "tr": {
          "src": "https://www.mate.zone/cms/imgs/spring-campaign-2022/zm_spring_2022_ext_ban_ultimate_tr.png",
          "url": "https://zenmate.com/tr/order?utm_source=pro6months-banner-default-ultimate&utm_medium=extension"
        },
        "ru": {
          "src": "https://www.mate.zone/cms/imgs/spring-campaign-2022/zm_spring_2022_ext_ban_ultimate_ru.png",
          "url": "https://zenmate.com/ru/order?utm_source=pro6months-banner-default-ultimate&utm_medium=extension"
        }
      }
    },
    {
      "name": "proYearly-banner-default-ultimate",
      "settings": {
        "env": [
          "production","dev"
        ],
        "subscription": [
          "pro"
        ],
        "runtime": 12,
        "active": true,
        "startDate": "2022-01-01",
        "endDate": "2023-01-01"
      },
      "campaign": "default",
      "conversionPoint": "extension",
      "type": "image",
      "content": {
        "en": {
          "src": "https://www.mate.zone/cms/imgs/spring-campaign-2022/zm_spring_2022_ext_ban_ultimate_en.png",
          "url": "https://zenmate.com/order?utm_source=proYearly-banner-default-ultimate&utm_medium=extension"
        },
        "fr": {
          "src": "https://www.mate.zone/cms/imgs/spring-campaign-2022/zm_spring_2022_ext_ban_ultimate_fr.png",
          "url": "https://zenmate.com/fr/acheter?utm_source=proYearly-banner-default-ultimate&utm_medium=extension"
        },
        "de": {
          "src": "https://www.mate.zone/cms/imgs/spring-campaign-2022/zm_spring_2022_ext_ban_ultimate_de.png",
          "url": "https://zenmate.com/de/kaufen?utm_source=proYearly-banner-default-ultimate&utm_medium=extension"
        },
        "nl": {
          "src": "https://www.mate.zone/cms/imgs/spring-campaign-2022/zm_spring_2022_ext_ban_ultimate_nl.png",
          "url": "https://zenmate.com/order?utm_source=proYearly-banner-default-ultimate&utm_medium=extension"
        },
        "ko": {
          "src": "https://www.mate.zone/cms/imgs/spring-campaign-2022/zm_spring_2022_ext_ban_ultimate_ko.png",
          "url": "https://zenmate.com/ko/order?utm_source=proYearly-banner-default-ultimate&utm_medium=extension"
        },
        "es": {
          "src": "https://www.mate.zone/cms/imgs/spring-campaign-2022/zm_spring_2022_ext_ban_ultimate_es.png",
          "url": "https://zenmate.com/es/order?utm_source=proYearly-banner-default-ultimate&utm_medium=extension"
        },
        "tr": {
          "src": "https://www.mate.zone/cms/imgs/spring-campaign-2022/zm_spring_2022_ext_ban_ultimate_tr.png",
          "url": "https://zenmate.com/tr/order?utm_source=proYearly-banner-default-ultimate&utm_medium=extension"
        },
        "ru": {
          "src": "https://www.mate.zone/cms/imgs/spring-campaign-2022/zm_spring_2022_ext_ban_ultimate_ru.png",
          "url": "https://zenmate.com/ru/order?utm_source=proYearly-banner-default-ultimate&utm_medium=extension"
        }
      }
    }
  ],
  "alert": [
  ]
}